Id (user id to be used for login),First Name,Last Name,Email,Gender (Male/Female)
pgarcia0,Phillip,Garcia,pgarcia0@artisteer.com,Male
lchapman1,Lois,Chapman,lchapman1@ovh.net,Female
jfranklin2,Jeffrey,Franklin,jfranklin2@thetimes.co.uk,Male
galvarez3,Gregory,Alvarez,galvarez3@uiuc.edu,Male
lcoleman4,Lori,Coleman,lcoleman4@eventbrite.com,Female
rwilson5,Ralph,Wilson,rwilson5@seattletimes.com,Male
ebrooks6,Elizabeth,Brooks,ebrooks6@nps.gov,Female
vwalker7,Victor,Walker,vwalker7@nih.gov,Male
vsims8,Victor,Sims,vsims8@live.com,Male
aspencer9,Antonio,Spencer,aspencer9@com.com,Male
arogersa,Arthur,Rogers,arogersa@shop-pro.jp,Male
ccastillob,Christine,Castillo,ccastillob@list-manage.com,Female
nhansenc,Nancy,Hansen,nhansenc@go.com,Female
sgreend,Shirley,Green,sgreend@illinois.edu,Female
jaustine,Joyce,Austin,jaustine@thetimes.co.uk,Female
astonef,Ashley,Stone,astonef@symantec.com,Female
nelliottg,Nicholas,Elliott,nelliottg@dailymail.co.uk,Male
sporterh,Steve,Porter,sporterh@discovery.com,Male
sshawi,Sarah,Shaw,sshawi@smh.com.au,Female
bschmidtj,Brandon,Schmidt,bschmidtj@prnewswire.com,Male
sowensk,Samuel,Owens,sowensk@columbia.edu,Male
taustinl,Teresa,Austin,taustinl@rakuten.co.jp,Female
ngraym,Norma,Gray,ngraym@twitpic.com,Female
ttuckern,Tammy,Tucker,ttuckern@constantcontact.com,Female
rmurphyo,Robert,Murphy,rmurphyo@opensource.org,Male
smillsp,Sean,Mills,smillsp@wordpress.com,Male
nburtonq,Nicole,Burton,nburtonq@go.com,
bwilsonr,Billy,Wilson,bwilsonr@wordpress.org,Male
cgrants,Carlos,Grant,cgrants@mashable.com,Male
dsimmonst,Deborah,Simmons,dsimmonst@indiegogo.com,Female
scarpenteru,Sean,Carpenter,scarpenteru@free.fr,Male
jthomasv,Jeremy,Thomas,jthomasv@devhub.com,Male
cjamesw,Chris,James,cjamesw@walmart.com,Male
tbarnesx,Tina,Barnes,tbarnesx@examiner.com,Female
lmillery,Larry,Miller,lmillery@ucla.edu,Male
dcarpenterz,David,Carpenter,dcarpenterz@seesaa.net,Male
jsimmons10,Jack,Simmons,jsimmons10@google.com.hk,Male
rpowell11,Ruby,Powell,rpowell11@telegraph.co.uk,Female
parnold12,Paula,Arnold,parnold12@ed.gov,Female
rweaver13,Ralph,Weaver,rweaver13@timesonline.co.uk,Male
cmorales14,Catherine,Morales,cmorales14@vimeo.com,Female
mhawkins15,Martha,Hawkins,mhawkins15@pinterest.com,Female
aburke16,Annie,Burke,aburke16@sogou.com,Female
jjordan17,Janice,Jordan,jjordan17@1688.com,Female
smurray18,Steven,Murray,smurray18@unicef.org,Male
kboyd19,Kathryn,Boyd,kboyd19@nytimes.com,Female
twebb1a,Terry,Webb,twebb1a@w3.org,Male
bburns1b,Barbara,Burns,bburns1b@instagram.com,Female
sgreene1c,Sean,Greene,sgreene1c@studiopress.com,Male
tbradley1d,Terry,Bradley,tbradley1d@blogs.com,Male
adean1e,Andrew,Dean,adean1e@tamu.edu,Male
awarren1f,Alice,Warren,awarren1f@amazon.com,Female
rjacobs1g,Rachel,Jacobs,rjacobs1g@dot.gov,Female
mdean1h,Marie,Dean,mdean1h@friendfeed.com,Female
jgonzalez1i,Joe,Gonzalez,jgonzalez1i@networkadvertising.org,Male
sgarcia1j,Samuel,Garcia,sgarcia1j@wix.com,Male
gcoleman1k,Gregory,Coleman,gcoleman1k@dot.gov,Male
lcampbell1l,Lois,Campbell,lcampbell1l@java.com,Female
vbryant1m,Virginia,Bryant,vbryant1m@mashable.com,Female
wmason1n,William,Mason,wmason1n@businessinsider.com,Male
vmarshall1o,Victor,Marshall,vmarshall1o@naver.com,Male
sellis1p,Samuel,Ellis,sellis1p@purevolume.com,Male
dshaw1q,Donna,Shaw,dshaw1q@blinklist.com,Female
alewis1r,Anna,Lewis,alewis1r@lulu.com,Female
iwallace1s,Irene,Wallace,iwallace1s@loc.gov,Female
pmartin1t,Phyllis,Martin,pmartin1t@biglobe.ne.jp,Female
khayes1u,Kathryn,Hayes,khayes1u@miitbeian.gov.cn,Female
rmurray1v,Ralph,Murray,rmurray1v@wikispaces.com,Male
tryan1w,Thomas,Ryan,tryan1w@biglobe.ne.jp,Male
akelley1x,Alice,Kelley,akelley1x@technorati.com,Female
jreynolds1y,Joshua,Reynolds,jreynolds1y@tamu.edu,Male
phawkins1z,Patricia,Hawkins,phawkins1z@statcounter.com,Female
dharper20,Dorothy,Harper,dharper20@goo.gl,Female
cross21,Carol,Ross,cross21@hugedomains.com,Female
agarza22,Adam,Garza,agarza22@adobe.com,Male
jburns23,Judy,Burns,jburns23@usgs.gov,Female
aparker24,Arthur,Parker,aparker24@ftc.gov,Male
gmurray25,Gregory,Murray,gmurray25@nytimes.com,Male
bnelson26,Beverly,Nelson,bnelson26@hostgator.com,Female
bstephens27,Billy,Stephens,bstephens27@infoseek.co.jp,Male
jbanks28,Jacqueline,Banks,jbanks28@wisc.edu,Female
dchavez29,Doris,Chavez,dchavez29@auda.org.au,Female
vlarson2a,Victor,Larson,vlarson2a@latimes.com,Male
jhoward2b,Joe,Howard,jhoward2b@mail.ru,Male
jphillips2c,Johnny,Phillips,jphillips2c@imdb.com,Male
nevans2d,Nicholas,Evans,nevans2d@slashdot.org,Male
ccollins2e,Carl,Collins,ccollins2e@e-recht24.de,Male
rfoster2f,Ronald,Foster,rfoster2f@arizona.edu,Male
astewart2g,Angela,Stewart,astewart2g@bravesites.com,Female
jkim2h,Jennifer,Kim,jkim2h@homestead.com,Female
jdavis2i,Joseph,Davis,jdavis2i@marketwatch.com,Male
jnguyen2j,Johnny,Nguyen,jnguyen2j@youtube.com,Male
jcole2k,Julie,Cole,jcole2k@msu.edu,Female
jking2l,Judy,King,jking2l@sina.com.cn,Female
dhunt2m,Donald,Hunt,dhunt2m@arstechnica.com,Male
pmcdonald2n,Pamela,Mcdonald,pmcdonald2n@xrea.com,Female
jbutler2o,Jose,Butler,jbutler2o@umn.edu,Male
lfowler2p,Larry,Fowler,lfowler2p@facebook.com,Male
dmorrison2q,Debra,Morrison,dmorrison2q@theguardian.com,Female
tphillips2r,Teresa,Phillips,tphillips2r@miibeian.gov.cn,Female
wbrooks2s,Willie,Brooks,wbrooks2s@google.it,Male
emorales2t,Eric,Morales,emorales2t@mapy.cz,Male
cjackson2u,Craig,Jackson,cjackson2u@mail.ru,Male
cmeyer2v,Clarence,Meyer,cmeyer2v@typepad.com,Male
rharper2w,Richard,Harper,rharper2w@yelp.com,Male
tharrison2x,Teresa,Harrison,tharrison2x@accuweather.com,Female
sjacobs2y,Stephen,Jacobs,sjacobs2y@goo.ne.jp,Male
fanderson2z,Frances,Anderson,fanderson2z@baidu.com,Female
rlittle30,Ralph,Little,rlittle30@wufoo.com,Male
bmartinez31,Benjamin,Martinez,bmartinez31@gnu.org,Male
kbarnes32,Kimberly,Barnes,kbarnes32@fastcompany.com,Female
bortiz33,Benjamin,Ortiz,bortiz33@unesco.org,Male
tgriffin34,Todd,Griffin,tgriffin34@independent.co.uk,Male
jhughes35,Justin,Hughes,jhughes35@instagram.com,Male
nhall36,Nicholas,Hall,nhall36@imageshack.us,Male
jchavez37,Jean,Chavez,jchavez37@princeton.edu,Female
mberry38,Mary,Berry,mberry38@washington.edu,Female
rthomas39,Ruth,Thomas,rthomas39@discovery.com,Female
jking3a,John,King,jking3a@clickbank.net,Male
alawrence3b,Aaron,Lawrence,alawrence3b@xrea.com,Male
csnyder3c,Christina,Snyder,csnyder3c@diigo.com,Female
ebryant3d,Evelyn,Bryant,ebryant3d@redcross.org,Female
ghughes3e,Gary,Hughes,ghughes3e@ocn.ne.jp,Male
jdiaz3f,Joshua,Diaz,jdiaz3f@ameblo.jp,Male
jparker3g,Jessica,Parker,jparker3g@chicagotribune.com,Female
mgonzales3h,Mildred,Gonzales,mgonzales3h@addtoany.com,Female
erussell3i,Emily,Russell,erussell3i@msu.edu,Female
achapman3j,Amanda,Chapman,achapman3j@jimdo.com,Female
rjones3k,Ruth,Jones,rjones3k@tripod.com,Female
tfuller3l,Todd,Fuller,tfuller3l@huffingtonpost.com,Male
vramos3m,Victor,Ramos,vramos3m@theguardian.com,Male
chughes3n,Chris,Hughes,chughes3n@craigslist.org,Male
cfowler3o,Catherine,Fowler,cfowler3o@hc360.com,Female
phawkins3p,Phyllis,Hawkins,phawkins3p@arizona.edu,Female
kcrawford3q,Katherine,Crawford,kcrawford3q@1und1.de,Female
amendoza3r,Anne,Mendoza,amendoza3r@xinhuanet.com,Female
wgreen3s,Wayne,Green,wgreen3s@microsoft.com,Male
aalexander3t,Amy,Alexander,aalexander3t@google.com,Female
callen3u,Craig,Allen,callen3u@4shared.com,Male
cstone3v,Clarence,Stone,cstone3v@huffingtonpost.com,Male
hshaw3w,Harold,Shaw,hshaw3w@dedecms.com,Male
cbradley3x,Carlos,Bradley,cbradley3x@nymag.com,Male
phall3y,Patrick,Hall,phall3y@slideshare.net,Male
fgreen3z,Frances,Green,fgreen3z@drupal.org,Female
tlawrence40,Todd,Lawrence,tlawrence40@linkedin.com,Male
bporter41,Brandon,Porter,bporter41@blinklist.com,Male
bbutler42,Beverly,Butler,bbutler42@lycos.com,Female
afranklin43,Amy,Franklin,afranklin43@delicious.com,Female
cstone44,Charles,Stone,cstone44@sakura.ne.jp,Male
carmstrong45,Clarence,Armstrong,carmstrong45@123-reg.co.uk,Male
eburton46,Evelyn,Burton,eburton46@un.org,Female
jscott47,Joan,Scott,jscott47@opera.com,Female
hmartin48,Howard,Martin,hmartin48@naver.com,Male
pferguson49,Philip,Ferguson,pferguson49@wix.com,Male
ncruz4a,Nicholas,Cruz,ncruz4a@cmu.edu,Male
rlawson4b,Robin,Lawson,rlawson4b@de.vu,Female
hharrison4c,Heather,Harrison,hharrison4c@ca.gov,Female
bhill4d,Beverly,Hill,bhill4d@wikipedia.org,Female
alawson4e,Angela,Lawson,alawson4e@theguardian.com,Female
fgarcia4f,Fred,Garcia,fgarcia4f@behance.net,Male
rfreeman4g,Ralph,Freeman,rfreeman4g@163.com,Male
bmurray4h,Billy,Murray,bmurray4h@yandex.ru,Male
lhunt4i,Lori,Hunt,lhunt4i@intel.com,Female
jgreene4j,Jason,Greene,jgreene4j@oracle.com,Male
mmorris4k,Marie,Morris,mmorris4k@devhub.com,Female
jortiz4l,Jack,Ortiz,jortiz4l@ox.ac.uk,Male
tfox4m,Terry,Fox,tfox4m@wikia.com,Male
jross4n,Judith,Ross,jross4n@miitbeian.gov.cn,Female
lmorgan4o,Lisa,Morgan,lmorgan4o@spiegel.de,Female
sarnold4p,Scott,Arnold,sarnold4p@cyberchimps.com,Male
sreed4q,Steve,Reed,sreed4q@altervista.org,Male
dbaker4r,Diane,Baker,dbaker4r@instagram.com,Female
tnguyen4s,Theresa,Nguyen,tnguyen4s@nature.com,Female
cfreeman4t,Cheryl,Freeman,cfreeman4t@nbcnews.com,Female
jjacobs4u,Jane,Jacobs,jjacobs4u@census.gov,Female
plynch4v,Pamela,Lynch,plynch4v@admin.ch,Female
hcunningham4w,Heather,Cunningham,hcunningham4w@nhs.uk,Female
ahart4x,Aaron,Hart,ahart4x@clickbank.net,Male
rgreen4y,Ronald,Green,rgreen4y@google.nl,Male
pjones4z,Philip,Jones,pjones4z@google.com.hk,Male
rknight50,Robin,Knight,rknight50@bbb.org,Female
ahughes51,Anthony,Hughes,ahughes51@wikimedia.org,Male
tjohnston52,Tina,Johnston,tjohnston52@devhub.com,Female
jblack53,Jose,Black,jblack53@senate.gov,Male
rmeyer54,Ruth,Meyer,rmeyer54@feedburner.com,Female
twright55,Todd,Wright,twright55@hostgator.com,Male
rburns56,Raymond,Burns,rburns56@samsung.com,Male
jhenderson57,Joshua,Henderson,jhenderson57@webeden.co.uk,Male
sjackson58,Sharon,Jackson,sjackson58@pcworld.com,Female
hmurphy59,Howard,Murphy,hmurphy59@over-blog.com,Male
sturner5a,Stephen,Turner,sturner5a@photobucket.com,Male
jwebb5b,Jeremy,Webb,jwebb5b@hatena.ne.jp,Male
lhanson5c,Louise,Hanson,lhanson5c@merriam-webster.com,Female
mford5d,Martha,Ford,mford5d@disqus.com,Female
jmiller5e,Joyce,Miller,jmiller5e@alibaba.com,Female
bsanchez5f,Bobby,Sanchez,bsanchez5f@spotify.com,Male
fgarza5g,Fred,Garza,fgarza5g@exblog.jp,Male
fmason5h,Fred,Mason,fmason5h@yelp.com,Male
crussell5i,Cheryl,Russell,crussell5i@google.ru,Female
cmorrison5j,Christine,Morrison,cmorrison5j@hao123.com,Female
towens5k,Thomas,Owens,towens5k@mail.ru,Male
lcole5l,Louis,Cole,lcole5l@google.com.br,Male
ggraham5m,George,Graham,ggraham5m@amazon.co.jp,Male
jmoreno5n,Jesse,Moreno,jmoreno5n@elegantthemes.com,Male
jlopez5o,Julia,Lopez,jlopez5o@home.pl,Female
afernandez5p,Alan,Fernandez,afernandez5p@bluehost.com,Male
aalvarez5q,Andrew,Alvarez,aalvarez5q@bing.com,Male
hperry5r,Harry,Perry,hperry5r@nbcnews.com,Male
sbaker5s,Sandra,Baker,sbaker5s@hugedomains.com,Female
ajenkins5t,Annie,Jenkins,ajenkins5t@epa.gov,Female
tgonzalez5u,Tammy,Gonzalez,tgonzalez5u@hud.gov,Female
bwood5v,Benjamin,Wood,bwood5v@eepurl.com,Male
sweaver5w,Susan,Weaver,sweaver5w@mediafire.com,Female
wolson5x,Walter,Olson,wolson5x@indiatimes.com,Male
aharvey5y,Alice,Harvey,aharvey5y@amazonaws.com,Female
mfoster5z,Matthew,Foster,mfoster5z@disqus.com,Male
rbarnes60,Robert,Barnes,rbarnes60@smh.com.au,Male
lsanders61,Linda,Sanders,lsanders61@nsw.gov.au,Female
moliver62,Martin,Oliver,moliver62@cdbaby.com,Male
fwest63,Fred,West,fwest63@chicagotribune.com,Male
acole64,Arthur,Cole,acole64@digg.com,Male
lschmidt65,Linda,Schmidt,lschmidt65@bbb.org,Female
vcoleman66,Virginia,Coleman,vcoleman66@youtube.com,Female
cjames67,Cynthia,James,cjames67@google.de,Female
sgray68,Sharon,Gray,sgray68@spiegel.de,Female
lhoward69,Larry,Howard,lhoward69@webmd.com,Male
lgriffin6a,Linda,Griffin,lgriffin6a@ycombinator.com,Female
rmedina6b,Ryan,Medina,rmedina6b@rediff.com,Male
fpatterson6c,Frank,Patterson,fpatterson6c@aboutads.info,Male
cburton6d,Carl,Burton,cburton6d@bloomberg.com,Male
cmorrison6e,Catherine,Morrison,cmorrison6e@ihg.com,Female
nwarren6f,Nicole,Warren,nwarren6f@blogger.com,Female
bhunt6g,Betty,Hunt,bhunt6g@usa.gov,Female
hdean6h,Helen,Dean,hdean6h@yelp.com,Female
cmorgan6i,Carolyn,Morgan,cmorgan6i@apache.org,Female
adixon6j,Andrew,Dixon,adixon6j@comsenz.com,Male
selliott6k,Steve,Elliott,selliott6k@disqus.com,Male
slee6l,Steven,Lee,slee6l@hubpages.com,Male
ahernandez6m,Ashley,Hernandez,ahernandez6m@buzzfeed.com,Female
awilson6n,Amanda,Wilson,awilson6n@usa.gov,Female
jmorgan6o,Jennifer,Morgan,jmorgan6o@amazon.com,Female
bwillis6p,Benjamin,Willis,bwillis6p@ning.com,Male
rrobertson6q,Richard,Robertson,rrobertson6q@vimeo.com,Male
fsanchez6r,Frank,Sanchez,fsanchez6r@smh.com.au,Male
jfisher6s,Jean,Fisher,jfisher6s@shutterfly.com,Female
ddiaz6t,Dennis,Diaz,ddiaz6t@wikispaces.com,Male
jmendoza6u,Joshua,Mendoza,jmendoza6u@webnode.com,Male
hwest6v,Howard,West,hwest6v@quantcast.com,Male
gturner6w,Gloria,Turner,gturner6w@jalbum.net,Female
salexander6x,Stephanie,Alexander,salexander6x@1und1.de,Female
cpowell6y,Christopher,Powell,cpowell6y@techcrunch.com,Male
amedina6z,Amanda,Medina,amedina6z@businesswire.com,Female
kbishop70,Keith,Bishop,kbishop70@hp.com,Male
mward71,Maria,Ward,mward71@istockphoto.com,Female
jwatkins72,Jennifer,Watkins,jwatkins72@webmd.com,Female
fturner73,Frances,Turner,fturner73@studiopress.com,Female
wbell74,Wanda,Bell,wbell74@deliciousdays.com,Female
sweaver75,Steve,Weaver,sweaver75@flickr.com,Male
klawrence76,Katherine,Lawrence,klawrence76@cornell.edu,Female
rolson77,Raymond,Olson,rolson77@youtu.be,Male
kweaver78,Kathryn,Weaver,kweaver78@jugem.jp,Female
ccox79,Christine,Cox,ccox79@over-blog.com,Female
sberry7a,Shawn,Berry,sberry7a@globo.com,Male
rscott7b,Rose,Scott,rscott7b@google.ca,Female
fmartin7c,Frank,Martin,fmartin7c@admin.ch,Male
hgriffin7d,Howard,Griffin,hgriffin7d@alibaba.com,Male
dpalmer7e,Donald,Palmer,dpalmer7e@paypal.com,Male
danderson7f,Dorothy,Anderson,danderson7f@geocities.com,Female
gphillips7g,Gerald,Phillips,gphillips7g@fotki.com,Male
rday7h,Rose,Day,rday7h@omniture.com,Female
dbaker7i,Deborah,Baker,dbaker7i@va.gov,Female
ihenry7j,Irene,Henry,ihenry7j@icio.us,Female
khenderson7k,Kimberly,Henderson,khenderson7k@qq.com,Female
mgutierrez7l,Mary,Gutierrez,mgutierrez7l@blogger.com,Female
sjordan7m,Steve,Jordan,sjordan7m@upenn.edu,Male
ehenderson7n,Edward,Henderson,ehenderson7n@bbb.org,Male
tgarrett7o,Tammy,Garrett,tgarrett7o@berkeley.edu,Female
ascott7p,Alan,Scott,ascott7p@harvard.edu,Male
dstephens7q,Douglas,Stephens,dstephens7q@theatlantic.com,Male
wflores7r,Walter,Flores,wflores7r@webs.com,Male
abishop7s,Albert,Bishop,abishop7s@tamu.edu,Male
mdunn7t,Martin,Dunn,mdunn7t@google.ca,Male
jrogers7u,Joshua,Rogers,jrogers7u@unesco.org,Male
sharrison7v,Shawn,Harrison,sharrison7v@opensource.org,Male
tweaver7w,Thomas,Weaver,tweaver7w@newyorker.com,Male
clarson7x,Cynthia,Larson,clarson7x@ted.com,Female
nharper7y,Nicholas,Harper,nharper7y@meetup.com,Male
nvasquez7z,Nancy,Vasquez,nvasquez7z@dion.ne.jp,Female
bgraham80,Benjamin,Graham,bgraham80@delicious.com,Male
emurphy81,Emily,Murphy,emurphy81@ning.com,Female
rcoleman82,Rebecca,Coleman,rcoleman82@goo.gl,Female
frobinson83,Fred,Robinson,frobinson83@cbc.ca,Male
pday84,Peter,Day,pday84@guardian.co.uk,Male
jparker85,Janet,Parker,jparker85@gmpg.org,Female
whill86,Willie,Hill,whill86@webmd.com,Male
ccollins87,Carolyn,Collins,ccollins87@dot.gov,Female
sgreen88,Sara,Green,sgreen88@indiatimes.com,Female
mdaniels89,Mark,Daniels,mdaniels89@hatena.ne.jp,Male
jharper8a,Julie,Harper,jharper8a@ed.gov,Female
skennedy8b,Sean,Kennedy,skennedy8b@weather.com,Male
khart8c,Katherine,Hart,khart8c@apple.com,Female
amyers8d,Anna,Myers,amyers8d@histats.com,Female
lstewart8e,Lori,Stewart,lstewart8e@mlb.com,Female
smendoza8f,Sandra,Mendoza,smendoza8f@github.com,Female
cspencer8g,Christina,Spencer,cspencer8g@jalbum.net,Female
jharrison8h,Joan,Harrison,jharrison8h@fotki.com,Female
gbennett8i,Gloria,Bennett,gbennett8i@ocn.ne.jp,Female
jfreeman8j,Jerry,Freeman,jfreeman8j@posterous.com,Male
smartin8k,Steven,Martin,smartin8k@mediafire.com,Male
mmyers8l,Mary,Myers,mmyers8l@admin.ch,Female
kstanley8m,Kathryn,Stanley,kstanley8m@intel.com,Female
gmorales8n,George,Morales,gmorales8n@qq.com,Male
emurphy8o,Edward,Murphy,emurphy8o@cocolog-nifty.com,Male
istanley8p,Irene,Stanley,istanley8p@biblegateway.com,Female
jstone8q,Joseph,Stone,jstone8q@ucoz.ru,Male
npeters8r,Nicole,Peters,npeters8r@sina.com.cn,Female
brivera8s,Benjamin,Rivera,brivera8s@sphinn.com,Male
creynolds8t,Catherine,Reynolds,creynolds8t@twitpic.com,Female
mbowman8u,Matthew,Bowman,mbowman8u@ft.com,Male
mcarter8v,Martha,Carter,mcarter8v@hatena.ne.jp,Female
rjacobs8w,Robin,Jacobs,rjacobs8w@imdb.com,Female
hrobinson8x,Henry,Robinson,hrobinson8x@cdc.gov,Male
mphillips8y,Mildred,Phillips,mphillips8y@hud.gov,Female
ksnyder8z,Kevin,Snyder,ksnyder8z@printfriendly.com,Male
bbrooks90,Bobby,Brooks,bbrooks90@discovery.com,Male
fharris91,Frances,Harris,fharris91@arstechnica.com,Female
cmendoza92,Catherine,Mendoza,cmendoza92@stanford.edu,Female
mfranklin93,Mildred,Franklin,mfranklin93@amazon.de,Female
jray94,Julie,Ray,jray94@friendfeed.com,Female
cbutler95,Christina,Butler,cbutler95@i2i.jp,Female
dtucker96,Dennis,Tucker,dtucker96@purevolume.com,Male
mbradley97,Mildred,Bradley,mbradley97@salon.com,Female
ehill98,Ernest,Hill,ehill98@sourceforge.net,Male
ddaniels99,Diane,Daniels,ddaniels99@hud.gov,Female
mgray9a,Mary,Gray,mgray9a@weebly.com,Female
cwillis9b,Carl,Willis,cwillis9b@tuttocitta.it,Male
showell9c,Samuel,Howell,showell9c@t-online.de,Male
lday9d,Lois,Day,lday9d@cam.ac.uk,Female
kmartinez9e,Katherine,Martinez,kmartinez9e@tripod.com,Female
dreyes9f,Denise,Reyes,dreyes9f@altervista.org,Female
acoleman9g,Antonio,Coleman,acoleman9g@indiegogo.com,Male
dcarpenter9h,Daniel,Carpenter,dcarpenter9h@pbs.org,Male
fbutler9i,Frank,Butler,fbutler9i@github.com,Male
tedwards9j,Todd,Edwards,tedwards9j@whitehouse.gov,Male
jharris9k,Jerry,Harris,jharris9k@foxnews.com,Male
dfranklin9l,Diane,Franklin,dfranklin9l@parallels.com,Female
hwheeler9m,Harold,Wheeler,hwheeler9m@unblog.fr,Male
rstone9n,Richard,Stone,rstone9n@china.com.cn,Male
nmartinez9o,Nicole,Martinez,nmartinez9o@exblog.jp,Female
narnold9p,Norma,Arnold,narnold9p@etsy.com,Female
smiller9q,Steven,Miller,smiller9q@sohu.com,Male
llong9r,Lois,Long,llong9r@intel.com,Female
nrivera9s,Nicole,Rivera,nrivera9s@vistaprint.com,Female
rmorrison9t,Ruth,Morrison,rmorrison9t@washingtonpost.com,Female
ssullivan9u,Susan,Sullivan,ssullivan9u@symantec.com,Female
privera9v,Patricia,Rivera,privera9v@fc2.com,Female
bbishop9w,Brian,Bishop,bbishop9w@gov.uk,Male
brice9x,Beverly,Rice,brice9x@deviantart.com,Female
jbailey9y,Jean,Bailey,jbailey9y@networkadvertising.org,Female
twelch9z,Tammy,Welch,twelch9z@fda.gov,Female
sgreena0,Samuel,Green,sgreena0@zimbio.com,Male
jdanielsa1,Judith,Daniels,jdanielsa1@a8.net,Female
rkennedya2,Ruby,Kennedy,rkennedya2@ebay.co.uk,Female
aharpera3,Amanda,Harper,aharpera3@google.com.hk,Female
jramosa4,Joseph,Ramos,jramosa4@blogtalkradio.com,Male
egreena5,Earl,Green,egreena5@zimbio.com,Male
drileya6,Donna,Riley,drileya6@foxnews.com,Female
efraziera7,Elizabeth,Frazier,efraziera7@deliciousdays.com,Female
pmartineza8,Phillip,Martinez,pmartineza8@freewebs.com,Male
dthompsona9,Debra,Thompson,dthompsona9@icq.com,Female
sramosaa,Sara,Ramos,sramosaa@amazon.co.jp,Female
lkellyab,Larry,Kelly,lkellyab@newsvine.com,Male
hhamiltonac,Harry,Hamilton,hhamiltonac@guardian.co.uk,Male
ecolemanad,Emily,Coleman,ecolemanad@toplist.cz,Female
mmooreae,Matthew,Moore,mmooreae@163.com,Male
wwellsaf,William,Wells,wwellsaf@dmoz.org,Male
cramosag,Carolyn,Ramos,cramosag@wix.com,Female
smurphyah,Stephen,Murphy,smurphyah@go.com,Male
pryanai,Patrick,Ryan,pryanai@cnet.com,Male
dcarraj,Daniel,Carr,dcarraj@google.de,Male
radamsak,Ruby,Adams,radamsak@buzzfeed.com,Female
hmartinezal,Henry,Martinez,hmartinezal@bluehost.com,Male
sporteram,Shawn,Porter,sporteram@uol.com.br,Male
nvasquezan,Nicole,Vasquez,nvasquezan@wordpress.org,Female
jbradleyao,Judith,Bradley,jbradleyao@networksolutions.com,Female
mhicksap,Martin,Hicks,mhicksap@pagesperso-orange.fr,Male
bdiazaq,Brandon,Diaz,bdiazaq@craigslist.org,Male
bfergusonar,Brian,Ferguson,bfergusonar@simplemachines.org,Male
frichardsas,Frances,Richards,frichardsas@tinypic.com,Female
jsanchezat,Joseph,Sanchez,jsanchezat@vimeo.com,Male
gtorresau,Gary,Torres,gtorresau@cmu.edu,Male
mgonzalesav,Martha,Gonzales,mgonzalesav@latimes.com,Female
spriceaw,Sandra,Price,spriceaw@tinypic.com,Female
jhuntax,Judy,Hunt,jhuntax@zimbio.com,Female
erodriguezay,Edward,Rodriguez,erodriguezay@addtoany.com,Male
bthomasaz,Brian,Thomas,bthomasaz@psu.edu,Male
noliverb0,Nancy,Oliver,noliverb0@gov.uk,Female
nwheelerb1,Nancy,Wheeler,nwheelerb1@telegraph.co.uk,Female
pnicholsb2,Phyllis,Nichols,pnicholsb2@java.com,Female
smasonb3,Sharon,Mason,smasonb3@tripod.com,Female
rbishopb4,Roger,Bishop,rbishopb4@globo.com,Male
igardnerb5,Irene,Gardner,igardnerb5@mayoclinic.com,Female
mtuckerb6,Matthew,Tucker,mtuckerb6@hc360.com,Male
astephensb7,Adam,Stephens,astephensb7@usa.gov,Male
lrobinsonb8,Lillian,Robinson,lrobinsonb8@dyndns.org,Female
kcrawfordb9,Kevin,Crawford,kcrawfordb9@blog.com,Male
dphillipsba,Dennis,Phillips,dphillipsba@who.int,Male
cadamsbb,Carolyn,Adams,cadamsbb@parallels.com,Female
nmatthewsbc,Nicholas,Matthews,nmatthewsbc@economist.com,Male
lburtonbd,Lawrence,Burton,lburtonbd@ovh.net,Male
kbishopbe,Kelly,Bishop,kbishopbe@netlog.com,Female
dramosbf,David,Ramos,dramosbf@hao123.com,Male
nstanleybg,Norma,Stanley,nstanleybg@ca.gov,Female
schapmanbh,Sean,Chapman,schapmanbh@wordpress.org,Male
jbellbi,Judy,Bell,jbellbi@google.com,Female
tknightbj,Teresa,Knight,tknightbj@pagesperso-orange.fr,Female
kelliottbk,Kathy,Elliott,kelliottbk@hud.gov,Female
ajenkinsbl,Antonio,Jenkins,ajenkinsbl@prlog.org,Male
kgordonbm,Kathleen,Gordon,kgordonbm@cbslocal.com,Female
wfisherbn,Willie,Fisher,wfisherbn@surveymonkey.com,Male
ssullivanbo,Susan,Sullivan,ssullivanbo@netlog.com,Female
agordonbp,Ashley,Gordon,agordonbp@bloglovin.com,Female
jstonebq,Janice,Stone,jstonebq@drupal.org,Female
kstanleybr,Kevin,Stanley,kstanleybr@360.cn,Male
jwestbs,Joseph,West,jwestbs@cpanel.net,Male
ppalmerbt,Paul,Palmer,ppalmerbt@networkadvertising.org,Male
abrooksbu,Amy,Brooks,abrooksbu@toplist.cz,Female
aberrybv,Anna,Berry,aberrybv@google.com,Female
polsonbw,Paul,Olson,polsonbw@hexun.com,Male
rrobinsonbx,Ralph,Robinson,rrobinsonbx@icq.com,Male
jjacobsby,Judy,Jacobs,jjacobsby@51.la,Female
pwillisbz,Paula,Willis,pwillisbz@wordpress.org,Female
charveyc0,Charles,Harvey,charveyc0@surveymonkey.com,Male
jsimsc1,Judith,Sims,jsimsc1@clickbank.net,Female
ilynchc2,Irene,Lynch,ilynchc2@youtu.be,Female
driverac3,Dorothy,Rivera,driverac3@e-recht24.de,Female
jchavezc4,Jose,Chavez,jchavezc4@weebly.com,Male
ewellsc5,Evelyn,Wells,ewellsc5@skyrock.com,Female
jwhitec6,Jesse,White,jwhitec6@arizona.edu,Male
bwoodc7,Beverly,Wood,bwoodc7@who.int,Female
mmurphyc8,Michelle,Murphy,mmurphyc8@over-blog.com,Female
csanchezc9,Charles,Sanchez,csanchezc9@friendfeed.com,Male
agarrettca,Antonio,Garrett,agarrettca@thetimes.co.uk,Male
kphillipscb,Kimberly,Phillips,kphillipscb@nytimes.com,Female
hchapmancc,Henry,Chapman,hchapmancc@shareasale.com,Male
dbryantcd,Diana,Bryant,dbryantcd@meetup.com,Female
dgibsonce,Denise,Gibson,dgibsonce@miibeian.gov.cn,Female
egarzacf,Eugene,Garza,egarzacf@gnu.org,Male
rruizcg,Ruby,Ruiz,rruizcg@baidu.com,Female
dlongch,Denise,Long,dlongch@nymag.com,Female
criveraci,Carl,Rivera,criveraci@forbes.com,Male
dsmithcj,Debra,Smith,dsmithcj@sakura.ne.jp,Female
ahunterck,Adam,Hunter,ahunterck@quantcast.com,Male
cfishercl,Catherine,Fisher,cfishercl@sourceforge.net,Female
jmillercm,Johnny,Miller,jmillercm@elegantthemes.com,Male
dricecn,Donna,Rice,dricecn@europa.eu,Female
baustinco,Benjamin,Austin,baustinco@addtoany.com,Male
ralvarezcp,Roy,Alvarez,ralvarezcp@mit.edu,Male
dpattersoncq,Dennis,Patterson,dpattersoncq@ca.gov,Male
ahowardcr,Ashley,Howard,ahowardcr@nih.gov,Female
whendersoncs,Wanda,Henderson,whendersoncs@elpais.com,Female
cperkinsct,Christine,Perkins,cperkinsct@pagesperso-orange.fr,Female
gcoxcu,Gary,Cox,gcoxcu@craigslist.org,Male
jdanielscv,Jimmy,Daniels,jdanielscv@nps.gov,Male
jlawrencecw,Julia,Lawrence,jlawrencecw@webs.com,Female
tjohnstoncx,Theresa,Johnston,tjohnstoncx@uiuc.edu,Female
mallency,Mark,Allen,mallency@examiner.com,Male
jkennedycz,Judith,Kennedy,jkennedycz@soup.io,Female
smatthewsd0,Steve,Matthews,smatthewsd0@elegantthemes.com,Male
klongd1,Kathleen,Long,klongd1@shinystat.com,Female
ngarzad2,Nicholas,Garza,ngarzad2@chronoengine.com,Male
asanchezd3,Antonio,Sanchez,asanchezd3@alibaba.com,Male
jwardd4,Jacqueline,Ward,jwardd4@examiner.com,Female
jboydd5,Jessica,Boyd,jboydd5@google.com.au,Female
mkellyd6,Michael,Kelly,mkellyd6@unesco.org,Male
dmontgomeryd7,Dorothy,Montgomery,dmontgomeryd7@intel.com,Female
jcookd8,Joshua,Cook,jcookd8@ihg.com,Male
dhughesd9,Dorothy,Hughes,dhughesd9@pen.io,Female
eperkinsda,Eric,Perkins,eperkinsda@census.gov,Male
dgraydb,Diana,Gray,dgraydb@intel.com,Female
galexanderdc,Gregory,Alexander,galexanderdc@last.fm,Male
jmoralesdd,Jeffrey,Morales,jmoralesdd@ustream.tv,Male
balexanderde,Brian,Alexander,balexanderde@tiny.cc,Male
wlittledf,Wayne,Little,wlittledf@list-manage.com,Male
aporterdg,Anna,Porter,aporterdg@independent.co.uk,Female
rryandh,Russell,Ryan,rryandh@reuters.com,Male
cforddi,Christina,Ford,cforddi@nsw.gov.au,Female
mfullerdj,Mildred,Fuller,mfullerdj@elegantthemes.com,Female
bhalldk,Bonnie,Hall,bhalldk@shinystat.com,Female
ptaylordl,Paul,Taylor,ptaylordl@discuz.net,Male
mcruzdm,Melissa,Cruz,mcruzdm@google.de,Female
bduncandn,Betty,Duncan,bduncandn@vinaora.com,Female
nbradleydo,Nicole,Bradley,nbradleydo@princeton.edu,Female
ifranklindp,Irene,Franklin,ifranklindp@chron.com,Female
aoliverdq,Adam,Oliver,aoliverdq@vk.com,Male
aburnsdr,Andrea,Burns,aburnsdr@github.io,Female
cnicholsds,Craig,Nichols,cnicholsds@icq.com,Male
smillsdt,Shirley,Mills,smillsdt@latimes.com,Female
rjohnsondu,Richard,Johnson,rjohnsondu@china.com.cn,Male
jcarpenterdv,Joe,Carpenter,jcarpenterdv@constantcontact.com,Male
hvasquezdw,Helen,Vasquez,hvasquezdw@booking.com,Female
cboyddx,Cynthia,Boyd,cboyddx@netscape.com,Female
lhuntdy,Lisa,Hunt,lhuntdy@bloglines.com,Female
jedwardsdz,Juan,Edwards,jedwardsdz@i2i.jp,Male
abishope0,Anne,Bishop,abishope0@geocities.com,Female
blanee1,Bruce,Lane,blanee1@ameblo.jp,Male
khughese2,Kathryn,Hughes,khughese2@mail.ru,Female
shamiltone3,Sharon,Hamilton,shamiltone3@huffingtonpost.com,Female
nadamse4,Norma,Adams,nadamse4@wired.com,Female
dmitchelle5,Dennis,Mitchell,dmitchelle5@cnet.com,Male
dwhitee6,Debra,White,dwhitee6@hud.gov,Female
dlawrencee7,Douglas,Lawrence,dlawrencee7@ftc.gov,Male
gwrighte8,Gloria,Wright,gwrighte8@networkadvertising.org,Female
jdeane9,Joyce,Dean,jdeane9@ovh.net,Female
jhartea,Joan,Hart,jhartea@google.de,Female
gturnereb,Gary,Turner,gturnereb@google.cn,Male
mbowmanec,Mildred,Bowman,mbowmanec@unicef.org,Female
llaneed,Louise,Lane,llaneed@ycombinator.com,Female
wbellee,Wanda,Bell,wbellee@cisco.com,Female
rwrightef,Robin,Wright,rwrightef@auda.org.au,Female
ewatkinseg,Evelyn,Watkins,ewatkinseg@cornell.edu,Female
mmartinezeh,Mary,Martinez,mmartinezeh@godaddy.com,Female
ltaylorei,Lawrence,Taylor,ltaylorei@disqus.com,Male
mfloresej,Mildred,Flores,mfloresej@ovh.net,Female
mholmesek,Mildred,Holmes,mholmesek@biglobe.ne.jp,Female
jharveyel,Janet,Harvey,jharveyel@dailymail.co.uk,Female
hlaneem,Harry,Lane,hlaneem@jalbum.net,Male
tblacken,Tina,Black,tblacken@noaa.gov,Female
anelsoneo,Aaron,Nelson,anelsoneo@addthis.com,Male
sfullerep,Sean,Fuller,sfullerep@ycombinator.com,Male
jgarzaeq,Jerry,Garza,jgarzaeq@bloglines.com,Male
tdeaner,Tammy,Dean,tdeaner@nhs.uk,Female
ncolees,Nicole,Cole,ncolees@noaa.gov,Female
rbowmanet,Robin,Bowman,rbowmanet@tumblr.com,Female
kandersoneu,Kelly,Anderson,kandersoneu@usgs.gov,Female
jtorresev,Jose,Torres,jtorresev@walmart.com,Male
jtorresew,Janice,Torres,jtorresew@wiley.com,Female
plittleex,Patrick,Little,plittleex@usnews.com,Male
blopezey,Barbara,Lopez,blopezey@bandcamp.com,Female
lpriceez,Louis,Price,lpriceez@blogtalkradio.com,Male
spalmerf0,Sharon,Palmer,spalmerf0@eepurl.com,Female
jhamiltonf1,James,Hamilton,jhamiltonf1@ask.com,Male
spaynef2,Sarah,Payne,spaynef2@bigcartel.com,Female
hkelleyf3,Heather,Kelley,hkelleyf3@icq.com,Female
jfullerf4,John,Fuller,jfullerf4@nationalgeographic.com,Male
wrobertsonf5,Walter,Robertson,wrobertsonf5@ehow.com,Male
lmoralesf6,Lisa,Morales,lmoralesf6@examiner.com,Female
dharveyf7,Dennis,Harvey,dharveyf7@dion.ne.jp,Male
cwestf8,Carlos,West,cwestf8@people.com.cn,Male
pgarrettf9,Paula,Garrett,pgarrettf9@prweb.com,Female
rpaynefa,Rebecca,Payne,rpaynefa@amazon.co.jp,Female
jrodriguezfb,Joseph,Rodriguez,jrodriguezfb@telegraph.co.uk,Male
jpalmerfc,Juan,Palmer,jpalmerfc@wp.com,Male
jrayfd,Justin,Ray,jrayfd@imageshack.us,Male
cknightfe,Craig,Knight,cknightfe@google.cn,Male
mporterff,Mary,Porter,mporterff@slideshare.net,Female
lalvarezfg,Lawrence,Alvarez,lalvarezfg@google.com.br,Male
jdixonfh,John,Dixon,jdixonfh@drupal.org,Male
mhowellfi,Martha,Howell,mhowellfi@cbc.ca,Female
aschmidtfj,Arthur,Schmidt,aschmidtfj@bloglovin.com,Male
blarsonfk,Betty,Larson,blarsonfk@pen.io,Female
cbarnesfl,Carol,Barnes,cbarnesfl@imdb.com,Female
jvasquezfm,Jesse,Vasquez,jvasquezfm@themeforest.net,Male
rarnoldfn,Ryan,Arnold,rarnoldfn@icq.com,Male
phughesfo,Pamela,Hughes,phughesfo@psu.edu,Female
vwrightfp,Virginia,Wright,vwrightfp@mapy.cz,Female
rcrawfordfq,Raymond,Crawford,rcrawfordfq@bluehost.com,Male
bhernandezfr,Beverly,Hernandez,bhernandezfr@youku.com,Female
ghartfs,Gerald,Hart,ghartfs@mashable.com,Male
rgeorgeft,Rose,George,rgeorgeft@berkeley.edu,Female
mgreenfu,Melissa,Green,mgreenfu@t-online.de,Female
scarrfv,Sandra,Carr,scarrfv@arizona.edu,Female
storresfw,Steve,Torres,storresfw@pen.io,Male
jwilsonfx,Jerry,Wilson,jwilsonfx@umn.edu,Male
kmedinafy,Kathryn,Medina,kmedinafy@symantec.com,Female
jfowlerfz,Joan,Fowler,jfowlerfz@exblog.jp,Female
hgarzag0,Heather,Garza,hgarzag0@google.ca,Female
cgrantg1,Craig,Grant,cgrantg1@ox.ac.uk,Male
bkennedyg2,Beverly,Kennedy,bkennedyg2@feedburner.com,Female
dbrooksg3,Dorothy,Brooks,dbrooksg3@go.com,Female
pgarrettg4,Peter,Garrett,pgarrettg4@fema.gov,Male
hfullerg5,Harry,Fuller,hfullerg5@cbslocal.com,Male
plawsong6,Patricia,Lawson,plawsong6@imgur.com,Female
aduncang7,Anna,Duncan,aduncang7@howstuffworks.com,Female
cturnerg8,Carlos,Turner,cturnerg8@about.me,Male
rjenkinsg9,Roger,Jenkins,rjenkinsg9@dmoz.org,Male
breedga,Bruce,Reed,breedga@tripadvisor.com,Male
hwestgb,Harold,West,hwestgb@reddit.com,Male
rbaileygc,Roy,Bailey,rbaileygc@salon.com,Male
nwalkergd,Norma,Walker,nwalkergd@ted.com,Female
dboydge,Daniel,Boyd,dboydge@so-net.ne.jp,Male
rgarzagf,Ruth,Garza,rgarzagf@webeden.co.uk,Female
ghowardgg,Gary,Howard,ghowardgg@yale.edu,Male
clewisgh,Cheryl,Lewis,clewisgh@addtoany.com,Female
nrossgi,Nicole,Ross,nrossgi@prnewswire.com,Female
rarmstronggj,Roy,Armstrong,rarmstronggj@hatena.ne.jp,Male
arodriguezgk,Annie,Rodriguez,arodriguezgk@hc360.com,Female
slarsongl,Shirley,Larson,slarsongl@soundcloud.com,Female
sandersongm,Sandra,Anderson,sandersongm@sbwire.com,Female
jbakergn,John,Baker,jbakergn@adobe.com,Male
pgrantgo,Phillip,Grant,pgrantgo@4shared.com,Male
kcoxgp,Keith,Cox,kcoxgp@nifty.com,Male
skimgq,Steve,Kim,skimgq@hexun.com,Male
ahamiltongr,Ashley,Hamilton,ahamiltongr@mail.ru,Female
pgomezgs,Peter,Gomez,pgomezgs@dedecms.com,Male
ahansengt,Anne,Hansen,ahansengt@dyndns.org,Female
cpetersgu,Carlos,Peters,cpetersgu@pcworld.com,Male
sbowmangv,Shawn,Bowman,sbowmangv@shop-pro.jp,Male
prileygw,Paula,Riley,prileygw@ft.com,Female
rcollinsgx,Rose,Collins,rcollinsgx@slideshare.net,Female
lfullergy,Louise,Fuller,lfullergy@washington.edu,Female
sturnergz,Sean,Turner,sturnergz@oaic.gov.au,Male
rtuckerh0,Ralph,Tucker,rtuckerh0@scientificamerican.com,Male
rhowardh1,Ralph,Howard,rhowardh1@google.co.uk,Male
jolsonh2,John,Olson,jolsonh2@lycos.com,Male
pwalkerh3,Paul,Walker,pwalkerh3@mapquest.com,Male
lperkinsh4,Louise,Perkins,lperkinsh4@tripod.com,Female
emendozah5,Eugene,Mendoza,emendozah5@fda.gov,Male
jsullivanh6,Jimmy,Sullivan,jsullivanh6@ft.com,Male
epetersonh7,Elizabeth,Peterson,epetersonh7@google.com.au,Female
jandersonh8,Janet,Anderson,jandersonh8@technorati.com,Female
pwilliamsh9,Pamela,Williams,pwilliamsh9@technorati.com,Female
jmedinaha,Jeremy,Medina,jmedinaha@sbwire.com,Male
fhugheshb,Frances,Hughes,fhugheshb@amazon.com,Female
charthc,Cynthia,Hart,charthc@123-reg.co.uk,Female
mrayhd,Maria,Ray,mrayhd@paginegialle.it,Female
jwelchhe,Jack,Welch,jwelchhe@booking.com,Male
joliverhf,Jean,Oliver,joliverhf@yelp.com,Female
dreyeshg,Dorothy,Reyes,dreyeshg@uiuc.edu,Female
cburnshh,Cheryl,Burns,cburnshh@drupal.org,Female
gsimmonshi,Gerald,Simmons,gsimmonshi@symantec.com,Male
rperryhj,Ronald,Perry,rperryhj@vistaprint.com,Male
lmorrisonhk,Lillian,Morrison,lmorrisonhk@go.com,Female
kolsonhl,Karen,Olson,kolsonhl@wunderground.com,Female
gyounghm,George,Young,gyounghm@usgs.gov,Male
jcoxhn,Jeremy,Cox,jcoxhn@vk.com,Male
ccookho,Christina,Cook,ccookho@google.pl,Female
vwallacehp,Victor,Wallace,vwallacehp@seattletimes.com,Male
wharperhq,Wanda,Harper,wharperhq@china.com.cn,Female
rwatsonhr,Raymond,Watson,rwatsonhr@wp.com,Male
arobertshs,Andrew,Roberts,arobertshs@t-online.de,Male
bmorrisonht,Benjamin,Morrison,bmorrisonht@weather.com,Male
rshawhu,Rose,Shaw,rshawhu@youtu.be,Female
smontgomeryhv,Sara,Montgomery,smontgomeryhv@google.co.uk,Female
dedwardshw,David,Edwards,dedwardshw@harvard.edu,Male
rbennetthx,Raymond,Bennett,rbennetthx@netvibes.com,Male
khenryhy,Keith,Henry,khenryhy@narod.ru,Male
lmillshz,Louise,Mills,lmillshz@theguardian.com,Female
pandersoni0,Patrick,Anderson,pandersoni0@google.nl,Male
tmeyeri1,Todd,Meyer,tmeyeri1@bandcamp.com,Male
hwardi2,Howard,Ward,hwardi2@squidoo.com,Male
mrosei3,Mary,Rose,mrosei3@microsoft.com,Female
jjacobsi4,Jean,Jacobs,jjacobsi4@craigslist.org,Female
twatsoni5,Terry,Watson,twatsoni5@patch.com,Male
criverai6,Cynthia,Rivera,criverai6@google.de,Female
sgibsoni7,Samuel,Gibson,sgibsoni7@mozilla.org,Male
lfrazieri8,Louis,Frazier,lfrazieri8@virginia.edu,Male
tmyersi9,Tammy,Myers,tmyersi9@fastcompany.com,Female
jrobinsonia,Jose,Robinson,jrobinsonia@java.com,Male
elynchib,Elizabeth,Lynch,elynchib@issuu.com,Female
mjordanic,Michael,Jordan,mjordanic@illinois.edu,Male
kallenid,Kimberly,Allen,kallenid@google.ca,Female
jelliottie,Jack,Elliott,jelliottie@google.ru,Male
gdanielsif,Gerald,Daniels,gdanielsif@indiegogo.com,Male
chansenig,Carol,Hansen,chansenig@networkadvertising.org,Female
crodriguezih,Carolyn,Rodriguez,crodriguezih@pinterest.com,Female
gwatkinsii,Gloria,Watkins,gwatkinsii@about.me,Female
vwatsonij,Virginia,Watson,vwatsonij@furl.net,Female
mtuckerik,Matthew,Tucker,mtuckerik@marriott.com,Male
jmontgomeryil,Janice,Montgomery,jmontgomeryil@skype.com,Female
parnoldim,Phyllis,Arnold,parnoldim@surveymonkey.com,Female
arichardsonin,Anthony,Richardson,arichardsonin@twitter.com,Male
mfullerio,Maria,Fuller,mfullerio@vkontakte.ru,Female
dhansenip,Daniel,Hansen,dhansenip@artisteer.com,Male
khartiq,Katherine,Hart,khartiq@about.com,Female
apetersonir,Angela,Peterson,apetersonir@cnet.com,Female
pramosis,Phyllis,Ramos,pramosis@zdnet.com,Female
phayesit,Phillip,Hayes,phayesit@diigo.com,Male
pturneriu,Patricia,Turner,pturneriu@sphinn.com,Female
dtayloriv,Diane,Taylor,dtayloriv@360.cn,Female
hkimiw,Howard,Kim,hkimiw@skype.com,Male
gpalmerix,George,Palmer,gpalmerix@furl.net,Male
dlarsoniy,Dennis,Larson,dlarsoniy@spotify.com,Male
hwilsoniz,Henry,Wilson,hwilsoniz@issuu.com,Male
marnoldj0,Martha,Arnold,marnoldj0@toplist.cz,Female
phunterj1,Pamela,Hunter,phunterj1@xinhuanet.com,Female
vgriffinj2,Victor,Griffin,vgriffinj2@dell.com,Male
jlittlej3,Jessica,Little,jlittlej3@tinyurl.com,Female
jlanej4,Jonathan,Lane,jlanej4@lycos.com,Male
pgreenj5,Paula,Green,pgreenj5@i2i.jp,Female
gedwardsj6,Gerald,Edwards,gedwardsj6@washingtonpost.com,Male
sstevensj7,Stephanie,Stevens,sstevensj7@dell.com,Female
bpricej8,Beverly,Price,bpricej8@globo.com,Female
iharperj9,Irene,Harper,iharperj9@ucsd.edu,Female
jcookja,Joan,Cook,jcookja@networkadvertising.org,Female
bwestjb,Brenda,West,bwestjb@tripadvisor.com,Female
amurphyjc,Antonio,Murphy,amurphyjc@blogger.com,Male
jsanchezjd,James,Sanchez,jsanchezjd@4shared.com,Male
jgonzalesje,Judy,Gonzales,jgonzalesje@eventbrite.com,Female
lwellsjf,Lisa,Wells,lwellsjf@goodreads.com,Female
gmarshalljg,George,Marshall,gmarshalljg@google.ru,Male
dperkinsjh,Diana,Perkins,dperkinsjh@boston.com,Female
jwilsonji,Johnny,Wilson,jwilsonji@dyndns.org,Male
kricejj,Keith,Rice,kricejj@hatena.ne.jp,Male
kharperjk,Kathleen,Harper,kharperjk@sciencedirect.com,Female
dgrantjl,Daniel,Grant,dgrantjl@narod.ru,Male
mnguyenjm,Martha,Nguyen,mnguyenjm@csmonitor.com,Female
bpattersonjn,Barbara,Patterson,bpattersonjn@techcrunch.com,Female
jgriffinjo,John,Griffin,jgriffinjo@nhs.uk,Male
gfranklinjp,Gregory,Franklin,gfranklinjp@printfriendly.com,Male
athomasjq,Andrew,Thomas,athomasjq@mediafire.com,Male
dromerojr,Dorothy,Romero,dromerojr@sciencedirect.com,Female
bwallacejs,Betty,Wallace,bwallacejs@cdc.gov,Female
wwestjt,Wayne,West,wwestjt@ucoz.com,Male
sharrisonju,Stephanie,Harrison,sharrisonju@wordpress.com,Female
ddunnjv,Debra,Dunn,ddunnjv@ocn.ne.jp,Female
clewisjw,Christina,Lewis,clewisjw@hexun.com,Female
jcastillojx,Judy,Castillo,jcastillojx@examiner.com,Female
sallenjy,Shirley,Allen,sallenjy@gmpg.org,Female
mcampbelljz,Martha,Campbell,mcampbelljz@oaic.gov.au,Female
jmatthewsk0,Jason,Matthews,jmatthewsk0@typepad.com,Male
bsanchezk1,Brandon,Sanchez,bsanchezk1@seesaa.net,Male
kadamsk2,Keith,Adams,kadamsk2@blogger.com,Male
pbanksk3,Phillip,Banks,pbanksk3@artisteer.com,Male
chowellk4,Chris,Howell,chowellk4@privacy.gov.au,Male
prichardsonk5,Patricia,Richardson,prichardsonk5@theguardian.com,Female
dgrahamk6,Daniel,Graham,dgrahamk6@aol.com,Male
cporterk7,Cheryl,Porter,cporterk7@amazon.de,Female
rbellk8,Rose,Bell,rbellk8@imdb.com,Female
ndanielsk9,Norma,Daniels,ndanielsk9@naver.com,Female
tmyerska,Theresa,Myers,tmyerska@usa.gov,Female
jturnerkb,Janice,Turner,jturnerkb@senate.gov,Female
ewheelerkc,Eric,Wheeler,ewheelerkc@purevolume.com,Male
areedkd,Amy,Reed,areedkd@elpais.com,Female
dpowellke,Donna,Powell,dpowellke@sohu.com,Female
sgardnerkf,Steve,Gardner,sgardnerkf@yolasite.com,Male
ahunterkg,Alan,Hunter,ahunterkg@salon.com,Male
rfosterkh,Robin,Foster,rfosterkh@deliciousdays.com,Female
cmitchellki,Carl,Mitchell,cmitchellki@miitbeian.gov.cn,Male
cgardnerkj,Carolyn,Gardner,cgardnerkj@freewebs.com,Female
ttorreskk,Theresa,Torres,ttorreskk@hostgator.com,Female
nmedinakl,Nancy,Medina,nmedinakl@springer.com,Female
dstonekm,Doris,Stone,dstonekm@google.cn,Female
wmurphykn,Wayne,Murphy,wmurphykn@tripod.com,Male
ghillko,Gloria,Hill,ghillko@archive.org,Female
jcookkp,Juan,Cook,jcookkp@xrea.com,Male
pcarrkq,Phyllis,Carr,pcarrkq@over-blog.com,Female
foliverkr,Fred,Oliver,foliverkr@scribd.com,Male
mreyesks,Marilyn,Reyes,mreyesks@wufoo.com,Female
rcarpenterkt,Ruby,Carpenter,rcarpenterkt@blogspot.com,Female
pmurphyku,Philip,Murphy,pmurphyku@cnbc.com,Male
scarrkv,Sharon,Carr,scarrkv@va.gov,Female
dmillskw,Donna,Mills,dmillskw@sbwire.com,Female
ajacksonkx,Amanda,Jackson,ajacksonkx@deviantart.com,Female
grodriguezky,Gary,Rodriguez,grodriguezky@usgs.gov,Male
lwilliskz,Louise,Willis,lwilliskz@meetup.com,Female
jhicksl0,Jerry,Hicks,jhicksl0@indiatimes.com,Male
mgrahaml1,Martin,Graham,mgrahaml1@godaddy.com,Male
crichardsl2,Craig,Richards,crichardsl2@accuweather.com,Male
nolsonl3,Nicholas,Olson,nolsonl3@squidoo.com,Male
gstewartl4,Gloria,Stewart,gstewartl4@microsoft.com,Female
elanel5,Emily,Lane,elanel5@bloglines.com,Female
csimsl6,Christine,Sims,csimsl6@loc.gov,Female
mweaverl7,Martha,Weaver,mweaverl7@51.la,Female
rrayl8,Raymond,Ray,rrayl8@accuweather.com,Male
hcastillol9,Howard,Castillo,hcastillol9@gmpg.org,Male
hdanielsla,Howard,Daniels,hdanielsla@cpanel.net,Male
dpricelb,Deborah,Price,dpricelb@ezinearticles.com,Female
cmontgomerylc,Carlos,Montgomery,cmontgomerylc@foxnews.com,Male
lmedinald,Lois,Medina,lmedinald@epa.gov,Female
bstewartle,Bruce,Stewart,bstewartle@deviantart.com,Male
lclarklf,Larry,Clark,lclarklf@sina.com.cn,Male
tsimpsonlg,Theresa,Simpson,tsimpsonlg@go.com,Female
kchapmanlh,Keith,Chapman,kchapmanlh@free.fr,Male
epayneli,Elizabeth,Payne,epayneli@amazon.com,Female
lmoorelj,Larry,Moore,lmoorelj@hatena.ne.jp,Male
ttuckerlk,Todd,Tucker,ttuckerlk@sciencedaily.com,Male
cellisll,Carolyn,Ellis,cellisll@friendfeed.com,Female
amorganlm,Albert,Morgan,amorganlm@shop-pro.jp,Male
mharrisonln,Mary,Harrison,mharrisonln@addtoany.com,Female
rbryantlo,Ryan,Bryant,rbryantlo@t-online.de,Male
emorenolp,Edward,Moreno,emorenolp@businesswire.com,Male
ccarterlq,Christine,Carter,ccarterlq@xinhuanet.com,Female
jcarrlr,Jacqueline,Carr,jcarrlr@java.com,Female
rhansenls,Roger,Hansen,rhansenls@census.gov,Male
hmcdonaldlt,Harry,Mcdonald,hmcdonaldlt@csmonitor.com,Male
dparkerlu,Denise,Parker,dparkerlu@biglobe.ne.jp,Female
jmurphylv,Jerry,Murphy,jmurphylv@yahoo.com,Male
jraylw,Joyce,Ray,jraylw@nasa.gov,Female
creynoldslx,Christopher,Reynolds,creynoldslx@last.fm,Male
afloresly,Andrea,Flores,afloresly@accuweather.com,Female
amasonlz,Alice,Mason,amasonlz@barnesandnoble.com,Female
hgonzalesm0,Howard,Gonzales,hgonzalesm0@latimes.com,Male
ncrawfordm1,Norma,Crawford,ncrawfordm1@blogspot.com,Female
hwallacem2,Henry,Wallace,hwallacem2@aol.com,Male
tharveym3,Thomas,Harvey,tharveym3@independent.co.uk,Male
jburnsm4,Juan,Burns,jburnsm4@webmd.com,Male
bkingm5,Benjamin,King,bkingm5@simplemachines.org,Male
rcunninghamm6,Rebecca,Cunningham,rcunninghamm6@php.net,Female
dwalkerm7,Donald,Walker,dwalkerm7@google.com.br,Male
knelsonm8,Karen,Nelson,knelsonm8@drupal.org,Female
acookm9,Alan,Cook,acookm9@addthis.com,Male
dharperma,Diane,Harper,dharperma@icq.com,Female
cfullermb,Cynthia,Fuller,cfullermb@umich.edu,Female
medwardsmc,Melissa,Edwards,medwardsmc@yandex.ru,Female
ekimmd,Ernest,Kim,ekimmd@friendfeed.com,Male
jschmidtme,Judy,Schmidt,jschmidtme@xrea.com,Female
dmeyermf,Dennis,Meyer,dmeyermf@posterous.com,Male
afreemanmg,Angela,Freeman,afreemanmg@sourceforge.net,Female
mromeromh,Michelle,Romero,mromeromh@admin.ch,Female
ajonesmi,Alice,Jones,ajonesmi@tinyurl.com,Female
hsanchezmj,Heather,Sanchez,hsanchezmj@i2i.jp,Female
elewismk,Ernest,Lewis,elewismk@hao123.com,Male
tmontgomeryml,Tina,Montgomery,tmontgomeryml@state.gov,Female
dkelleymm,Diana,Kelley,dkelleymm@gravatar.com,Female
jolivermn,Joseph,Oliver,jolivermn@newsvine.com,Male
maustinmo,Marie,Austin,maustinmo@techcrunch.com,Female
acolemp,Adam,Cole,acolemp@ihg.com,Male
nsimsmq,Norma,Sims,nsimsmq@sitemeter.com,Female
kbishopmr,Kelly,Bishop,kbishopmr@java.com,Female
dreidms,Denise,Reid,dreidms@drupal.org,Female
mfordmt,Melissa,Ford,mfordmt@exblog.jp,Female
lhendersonmu,Lillian,Henderson,lhendersonmu@cnn.com,Female
acookmv,Adam,Cook,acookmv@tiny.cc,Male
bcrawfordmw,Betty,Crawford,bcrawfordmw@deviantart.com,Female
rschmidtmx,Rebecca,Schmidt,rschmidtmx@booking.com,Female
pwrightmy,Phillip,Wright,pwrightmy@slashdot.org,Male
kadamsmz,Kathryn,Adams,kadamsmz@homestead.com,Female
fjacobsn0,Frank,Jacobs,fjacobsn0@dailymail.co.uk,Male
mmoralesn1,Marilyn,Morales,mmoralesn1@princeton.edu,Female
cdanielsn2,Carol,Daniels,cdanielsn2@mozilla.com,Female
alittlen3,Arthur,Little,alittlen3@irs.gov,Male
avasquezn4,Antonio,Vasquez,avasquezn4@mozilla.com,Male
tjordann5,Todd,Jordan,tjordann5@constantcontact.com,Male
kmontgomeryn6,Karen,Montgomery,kmontgomeryn6@tamu.edu,Female
lburtonn7,Linda,Burton,lburtonn7@tumblr.com,Female
bcolen8,Bobby,Cole,bcolen8@domainmarket.com,Male
hnelsonn9,Harry,Nelson,hnelsonn9@ocn.ne.jp,Male
jjacobsna,Judith,Jacobs,jjacobsna@webmd.com,Female
sfosternb,Scott,Foster,sfosternb@dedecms.com,Male
jcolemannc,Johnny,Coleman,jcolemannc@msu.edu,Male
sgilbertnd,Samuel,Gilbert,sgilbertnd@geocities.jp,Male
eshawne,Emily,Shaw,eshawne@blinklist.com,Female
anelsonnf,Antonio,Nelson,anelsonnf@last.fm,Male
jmasonng,Jose,Mason,jmasonng@microsoft.com,Male
bgarcianh,Beverly,Garcia,bgarcianh@jiathis.com,Female
blewisni,Bruce,Lewis,blewisni@instagram.com,Male
aberrynj,Amy,Berry,aberrynj@go.com,Female
acoopernk,Anne,Cooper,acoopernk@flickr.com,Female
jpowellnl,Jerry,Powell,jpowellnl@mail.ru,Male
sgomeznm,Stephanie,Gomez,sgomeznm@latimes.com,Female
hsandersnn,Harry,Sanders,hsandersnn@economist.com,Male
kowensno,Kathryn,Owens,kowensno@army.mil,Female
wharpernp,Walter,Harper,wharpernp@uiuc.edu,Male
hpetersnq,Helen,Peters,hpetersnq@auda.org.au,Female
rrogersnr,Ruth,Rogers,rrogersnr@paypal.com,Female
hlopezns,Howard,Lopez,hlopezns@abc.net.au,Male
lbrooksnt,Lawrence,Brooks,lbrooksnt@scribd.com,Male
hbarnesnu,Howard,Barnes,hbarnesnu@quantcast.com,Male
jrobertsnv,Jose,Roberts,jrobertsnv@nifty.com,Male
whudsonnw,William,Hudson,whudsonnw@hugedomains.com,Male
jpetersonnx,Janice,Peterson,jpetersonnx@ycombinator.com,Female
dgordonny,Diana,Gordon,dgordonny@shinystat.com,Female
pgonzaleznz,Phillip,Gonzalez,pgonzaleznz@theatlantic.com,Male
tfieldso0,Terry,Fields,tfieldso0@amazonaws.com,Male
bfloreso1,Billy,Flores,bfloreso1@spotify.com,Male
priverao2,Paula,Rivera,priverao2@rambler.ru,Female
lshawo3,Larry,Shaw,lshawo3@bandcamp.com,Male
smedinao4,Samuel,Medina,smedinao4@hao123.com,Male
bleeo5,Beverly,Lee,bleeo5@google.it,Female
sburtono6,Steve,Burton,sburtono6@spotify.com,Male
sandrewso7,Samuel,Andrews,sandrewso7@sitemeter.com,Male
ggranto8,Gerald,Grant,ggranto8@jimdo.com,Male
kmarshallo9,Keith,Marshall,kmarshallo9@constantcontact.com,Male
rbelloa,Randy,Bell,rbelloa@cnbc.com,Male
ksmithob,Kathy,Smith,ksmithob@skyrock.com,Female
kcollinsoc,Kathy,Collins,kcollinsoc@cyberchimps.com,Female
blaneod,Brian,Lane,blaneod@google.co.uk,Male
ryoungoe,Ronald,Young,ryoungoe@wikimedia.org,Male
preyesof,Peter,Reyes,preyesof@ovh.net,Male
acampbellog,Alan,Campbell,acampbellog@discovery.com,Male
rmorrisonoh,Ruth,Morrison,rmorrisonoh@virginia.edu,Female
grogersoi,George,Rogers,grogersoi@ezinearticles.com,Male
mrobinsonoj,Martin,Robinson,mrobinsonoj@altervista.org,Male
nwoodok,Nancy,Wood,nwoodok@mlb.com,Female
rmoralesol,Roy,Morales,rmoralesol@creativecommons.org,Male
sgibsonom,Steven,Gibson,sgibsonom@constantcontact.com,Male
cbankson,Craig,Banks,cbankson@list-manage.com,Male
dmccoyoo,David,Mccoy,dmccoyoo@harvard.edu,Male
sperkinsop,Steven,Perkins,sperkinsop@unblog.fr,Male
jcunninghamoq,Julie,Cunningham,jcunninghamoq@example.com,Female
twestor,Theresa,West,twestor@miitbeian.gov.cn,Female
srogersos,Samuel,Rogers,srogersos@slashdot.org,Male
jhicksot,Joseph,Hicks,jhicksot@feedburner.com,Male
cowensou,Clarence,Owens,cowensou@unblog.fr,Male
mwilliamsonov,Mary,Williamson,mwilliamsonov@friendfeed.com,Female
jaustinow,Joe,Austin,jaustinow@squidoo.com,Male
njohnstonox,Nancy,Johnston,njohnstonox@drupal.org,Female
tfranklinoy,Timothy,Franklin,tfranklinoy@slideshare.net,Male
sdayoz,Scott,Day,sdayoz@berkeley.edu,Male
svasquezp0,Shirley,Vasquez,svasquezp0@foxnews.com,Female
agardnerp1,Ashley,Gardner,agardnerp1@qq.com,Female
aaustinp2,Amanda,Austin,aaustinp2@cargocollective.com,Female
jwilliamsp3,John,Williams,jwilliamsp3@joomla.org,Male
abarnesp4,Anna,Barnes,abarnesp4@qq.com,Female
ahawkinsp5,Alice,Hawkins,ahawkinsp5@usa.gov,Female
fgrayp6,Frank,Gray,fgrayp6@adobe.com,Male
efosterp7,Ernest,Foster,efosterp7@w3.org,Male
ddanielsp8,Doris,Daniels,ddanielsp8@techcrunch.com,Female
jcoxp9,Joshua,Cox,jcoxp9@cbc.ca,Male
brobertsonpa,Beverly,Robertson,brobertsonpa@over-blog.com,Female
dscottpb,Donna,Scott,dscottpb@hugedomains.com,Female
lthomaspc,Lawrence,Thomas,lthomaspc@hp.com,Male
cwatsonpd,Cynthia,Watson,cwatsonpd@usa.gov,Female
hmorenope,Helen,Moreno,hmorenope@bloglovin.com,Female
rfoxpf,Rachel,Fox,rfoxpf@jugem.jp,Female
kgomezpg,Keith,Gomez,kgomezpg@netlog.com,Male
ltorresph,Lois,Torres,ltorresph@sciencedirect.com,Female
jgrantpi,Jacqueline,Grant,jgrantpi@wordpress.com,Female
parnoldpj,Phyllis,Arnold,parnoldpj@blogs.com,Female
dharperpk,Douglas,Harper,dharperpk@quantcast.com,Male
mfullerpl,Matthew,Fuller,mfullerpl@ihg.com,Male
flawsonpm,Frank,Lawson,flawsonpm@youtube.com,Male
ccampbellpn,Cheryl,Campbell,ccampbellpn@tuttocitta.it,Female
talexanderpo,Todd,Alexander,talexanderpo@eventbrite.com,Male
ksimspp,Kevin,Sims,ksimspp@discovery.com,Male
rturnerpq,Raymond,Turner,rturnerpq@angelfire.com,Male
swrightpr,Sandra,Wright,swrightpr@tmall.com,Female
tsullivanps,Tammy,Sullivan,tsullivanps@gizmodo.com,Female
amorrispt,Aaron,Morris,amorrispt@github.io,Male
jweaverpu,Juan,Weaver,jweaverpu@csmonitor.com,Male
bjacksonpv,Beverly,Jackson,bjacksonpv@phpbb.com,Female
jhillpw,Jesse,Hill,jhillpw@hubpages.com,Male
mfreemanpx,Mildred,Freeman,mfreemanpx@skyrock.com,Female
rburtonpy,Ralph,Burton,rburtonpy@xinhuanet.com,Male
jperkinspz,Joan,Perkins,jperkinspz@abc.net.au,Female
sporterq0,Sharon,Porter,sporterq0@hao123.com,Female
jedwardsq1,Jacqueline,Edwards,jedwardsq1@psu.edu,Female
mduncanq2,Martha,Duncan,mduncanq2@wikimedia.org,Female
ctaylorq3,Christine,Taylor,ctaylorq3@microsoft.com,Female
glaneq4,Gloria,Lane,glaneq4@qq.com,Female
mwashingtonq5,Michael,Washington,mwashingtonq5@wisc.edu,Male
dlarsonq6,Daniel,Larson,dlarsonq6@state.gov,Male
mchapmanq7,Mildred,Chapman,mchapmanq7@quantcast.com,Female
csandersq8,Carol,Sanders,csandersq8@slashdot.org,Female
astephensq9,Adam,Stephens,astephensq9@cpanel.net,Male
jpattersonqa,John,Patterson,jpattersonqa@hugedomains.com,Male
lbrownqb,Larry,Brown,lbrownqb@google.ru,Male
knelsonqc,Kathleen,Nelson,knelsonqc@skype.com,Female
mwagnerqd,Michael,Wagner,mwagnerqd@sogou.com,Male
cshawqe,Cynthia,Shaw,cshawqe@washingtonpost.com,Female
jbakerqf,Jesse,Baker,jbakerqf@bloomberg.com,Male
tperezqg,Tina,Perez,tperezqg@examiner.com,Female
smartinezqh,Samuel,Martinez,smartinezqh@nps.gov,Male
sstevensqi,Shawn,Stevens,sstevensqi@a8.net,Male
mgarrettqj,Martin,Garrett,mgarrettqj@wix.com,Male
pmorganqk,Paul,Morgan,pmorganqk@hhs.gov,Male
mgreenql,Mark,Green,mgreenql@amazon.com,Male
hcunninghamqm,Henry,Cunningham,hcunninghamqm@merriam-webster.com,Male
epalmerqn,Eugene,Palmer,epalmerqn@t-online.de,Male
hstewartqo,Henry,Stewart,hstewartqo@tumblr.com,Male
bhowellqp,Brian,Howell,bhowellqp@columbia.edu,Male
tcampbellqq,Tammy,Campbell,tcampbellqq@addtoany.com,Female
jfieldsqr,Jeremy,Fields,jfieldsqr@dailymail.co.uk,Male
jgreenqs,Joshua,Green,jgreenqs@xrea.com,Male
dgrayqt,Dennis,Gray,dgrayqt@upenn.edu,Male
ewhitequ,Ernest,White,ewhitequ@slashdot.org,Male
mfullerqv,Marie,Fuller,mfullerqv@businesswire.com,Female
wlawsonqw,Walter,Lawson,wlawsonqw@gizmodo.com,Male
jgonzalesqx,Joyce,Gonzales,jgonzalesqx@salon.com,Female
aspencerqy,Albert,Spencer,aspencerqy@bigcartel.com,Male
anelsonqz,Alice,Nelson,anelsonqz@php.net,Female
fcunninghamr0,Fred,Cunningham,fcunninghamr0@kickstarter.com,Male
cruizr1,Charles,Ruiz,cruizr1@ameblo.jp,Male
lhillr2,Louise,Hill,lhillr2@cdc.gov,Female
dhawkinsr3,Diana,Hawkins,dhawkinsr3@loc.gov,Female
afowlerr4,Annie,Fowler,afowlerr4@youtube.com,Female
nblackr5,Nancy,Black,nblackr5@eepurl.com,Female
jwardr6,Jennifer,Ward,jwardr6@wikispaces.com,Female
jfosterr7,Jerry,Foster,jfosterr7@blogtalkradio.com,Male
mreynoldsr8,Mark,Reynolds,mreynoldsr8@about.me,Male
jmoralesr9,Jean,Morales,jmoralesr9@topsy.com,Female
ccoxra,Craig,Cox,ccoxra@wordpress.org,Male
vgarrettrb,Virginia,Garrett,vgarrettrb@reuters.com,Female
jhughesrc,Jessica,Hughes,jhughesrc@etsy.com,Female
aramosrd,Andrea,Ramos,aramosrd@boston.com,Female
amontgomeryre,Ashley,Montgomery,amontgomeryre@google.com.br,Female
jlanerf,Jimmy,Lane,jlanerf@altervista.org,Male
wwagnerrg,William,Wagner,wwagnerrg@wufoo.com,Male
dmillsrh,Debra,Mills,dmillsrh@sun.com,Female
rtaylorri,Robert,Taylor,rtaylorri@salon.com,Male
jbaileyrj,Janet,Bailey,jbaileyrj@house.gov,Female
trobinsonrk,Teresa,Robinson,trobinsonrk@t.co,Female
landersonrl,Louis,Anderson,landersonrl@time.com,Male
jgrayrm,Jennifer,Gray,jgrayrm@yolasite.com,Female
ewilliamsrn,Ernest,Williams,ewilliamsrn@shop-pro.jp,Male
amccoyro,Albert,Mccoy,amccoyro@g.co,Male
pkennedyrp,Phillip,Kennedy,pkennedyrp@hugedomains.com,Male
cruizrq,Christopher,Ruiz,cruizrq@google.com.hk,Male
efowlerrr,Evelyn,Fowler,efowlerrr@hubpages.com,Female
